-- phpMyAdmin SQL Dump
-- version 5.2.0
-- https://www.phpmyadmin.net/
--
-- Host: mysql
-- Generation Time: Jan 21, 2023 at 11:53 AM
-- Server version: 10.9.4-MariaDB-1:10.9.4+maria~ubu2204
-- PHP Version: 8.0.25

SET SQL_MODE = "NO_AUTO_VALUE_ON_ZERO";
START TRANSACTION;
SET time_zone = "+00:00";


/*!40101 SET @OLD_CHARACTER_SET_CLIENT=@@CHARACTER_SET_CLIENT */;
/*!40101 SET @OLD_CHARACTER_SET_RESULTS=@@CHARACTER_SET_RESULTS */;
/*!40101 SET @OLD_COLLATION_CONNECTION=@@COLLATION_CONNECTION */;
/*!40101 SET NAMES utf8mb4 */;

--
-- Database: `recipe_book`
--

-- --------------------------------------------------------

--
-- Table structure for table `ingredients`
--

CREATE TABLE `ingredients` (
  `id` int(11) NOT NULL,
  `name` varchar(128) NOT NULL
) ENGINE=InnoDB DEFAULT CHARSET=utf8mb4 COLLATE=utf8mb4_general_ci;

--
-- Dumping data for table `ingredients`
--

INSERT INTO `ingredients` (`id`, `name`) VALUES
(1, 'romaine lettuce'),
(2, 'black olives'),
(3, 'grape tomatoes'),
(4, 'garlic'),
(5, 'pepper'),
(6, 'purple onion'),
(7, 'seasoning'),
(8, 'garbanzo beans'),
(9, 'feta cheese crumbles'),
(10, 'plain flour'),
(11, 'ground pepper'),
(12, 'salt'),
(13, 'tomatoes'),
(14, 'ground black pepper'),
(15, 'thyme'),
(16, 'eggs'),
(17, 'green tomatoes'),
(18, 'yellow corn meal'),
(19, 'milk'),
(20, 'vegetable oil'),
(21, 'mayonaise'),
(22, 'cooking oil'),
(23, 'green chilies'),
(24, 'grilled chicken breasts'),
(25, 'garlic powder'),
(26, 'yellow onion'),
(27, 'soy sauce'),
(28, 'butter'),
(29, 'chicken livers'),
(30, 'water'),
(31, 'wheat'),
(32, 'black pepper'),
(33, 'shallots'),
(34, 'cornflour'),
(35, 'cayenne pepper'),
(36, 'onions'),
(37, 'garlic paste'),
(38, 'lemon juice'),
(39, 'chili powder'),
(40, 'passata'),
(41, 'oil'),
(42, 'ground cumin'),
(43, 'boneless chicken skinless thigh'),
(44, 'garam masala'),
(45, 'double cream'),
(46, 'natural yogurt'),
(47, 'bay leaf'),
(48, 'sugar'),
(49, 'fresh ginger root'),
(50, 'ground cinnamon'),
(51, 'vanilla extract'),
(52, 'ground ginger'),
(53, 'powdered sugar'),
(54, 'baking powder'),
(55, 'olive oil'),
(56, 'medium shrimp'),
(57, 'chopped cilantro'),
(58, 'jalapeno chilies'),
(59, 'flat leaf parsley'),
(60, 'skirt steak'),
(61, 'white vinegar'),
(62, 'sea salt'),
(63, 'chorizo sausage'),
(64, 'pistachio nuts'),
(65, 'white almond bark'),
(66, 'flour'),
(67, 'almond extract'),
(68, 'dried cranberries'),
(69, 'fresh pineapple'),
(70, 'pork'),
(71, 'poblano peppers'),
(72, 'corn tortillas'),
(73, 'cheddar cheese'),
(74, 'iceberg lettuce'),
(75, 'lime'),
(76, 'chopped cilantro fresh'),
(77, 'chopped tomatoes'),
(78, 'fresh basil'),
(79, 'extra-virgin olive oil'),
(80, 'kosher salt'),
(81, 'pimentos'),
(82, 'sweet pepper'),
(83, 'dried oregano'),
(84, 'sharp cheddar cheese'),
(85, 'swiss cheese'),
(86, 'provolone cheese'),
(87, 'canola oil'),
(88, 'mushrooms'),
(89, 'sausages'),
(90, 'low sodium soy sauce'),
(91, 'fresh ginger'),
(92, 'dry mustard'),
(93, 'green beans'),
(94, 'white pepper'),
(95, 'sesame oil'),
(96, 'scallions'),
(97, 'Shaoxing wine'),
(98, 'ground turkey'),
(99, 'crushed red pepper flakes'),
(100, 'corn starch'),
(101, 'Italian parsley leaves'),
(102, 'walnuts'),
(103, 'hot red pepper flakes'),
(104, 'fresh lemon juice'),
(105, 'trout fillet'),
(106, 'garlic cloves'),
(107, 'chipotle chile'),
(108, 'fine sea salt'),
(109, 'fresh cilantro'),
(110, 'ground coriander'),
(111, 'plum tomatoes'),
(112, 'avocado'),
(113, 'lime juice'),
(114, 'flank steak'),
(115, 'fresh parmesan cheese'),
(116, 'all-purpose flour'),
(117, 'fat free less sodium chicken broth'),
(118, 'chopped fresh chives'),
(119, 'gruyere cheese'),
(120, 'bacon slices'),
(121, 'gnocchi'),
(122, 'fat free milk'),
(123, 'cooking spray'),
(124, 'tumeric'),
(125, 'vegetable stock'),
(126, 'naan'),
(127, 'red lentils'),
(128, 'red chili peppers'),
(129, 'spinach'),
(130, 'sweet potatoes'),
(131, 'greek yogurt'),
(132, 'lemon curd'),
(133, 'confectioners sugar'),
(134, 'raspberries'),
(135, 'italian seasoning'),
(136, 'broiler-fryer chicken'),
(137, 'zesty italian dressing'),
(138, 'hot chili'),
(139, 'asian fish sauce'),
(140, 'red bell pepper'),
(141, 'chicken broth'),
(142, 'yellow squash'),
(143, 'garlic chili sauce'),
(144, 'sliced green onions'),
(145, 'broccolini'),
(146, 'fresh lime juice'),
(147, 'cooked rice'),
(148, 'chicken breasts'),
(149, 'pork loin'),
(150, 'roasted peanuts'),
(151, 'hoisin sauce'),
(152, 'creamy peanut butter'),
(153, 'chopped fresh mint'),
(154, 'thai basil'),
(155, 'rice'),
(156, 'rice noodles'),
(157, 'beansprouts'),
(158, 'roma tomatoes'),
(159, 'low-fat mayonnaise'),
(160, 'baking potatoes'),
(161, 'spicy brown mustard'),
(162, 'sesame seeds'),
(163, 'red pepper'),
(164, 'yellow peppers'),
(165, 'extra firm tofu'),
(166, 'broccoli'),
(167, 'orange bell pepper'),
(168, 'arrowroot powder'),
(169, 'red curry paste'),
(170, 'marinara sauce'),
(171, 'linguine'),
(172, 'capers'),
(173, 'olives'),
(174, 'lemon zest'),
(175, 'lo mein noodles'),
(176, 'light soy sauce'),
(177, 'dried black mushrooms'),
(178, 'chives'),
(179, 'oyster sauce'),
(180, 'dark soy sauce'),
(181, 'peanuts'),
(182, 'cabbage'),
(183, 'herbs'),
(184, 'fresh tomatoes'),
(185, 'paprika'),
(186, 'mango'),
(187, 'stock'),
(188, 'chile pepper'),
(189, 'sliced mushrooms'),
(190, 'sherry'),
(191, 'grated parmesan cheese'),
(192, 'heavy cream'),
(193, 'spaghetti'),
(194, 'cooked chicken'),
(195, 'green bell pepper'),
(196, 'egg roll wrappers'),
(197, 'sweet and sour sauce'),
(198, 'molasses'),
(199, 'shredded cabbage'),
(200, 'ground pork'),
(201, 'carrots'),
(202, 'flour tortillas'),
(203, 'cheese'),
(204, 'breakfast sausages'),
(205, 'large eggs'),
(206, 'boiling water'),
(207, 'hot sauce'),
(208, 'potatoes'),
(209, 'bacon'),
(210, 'fresh parsley'),
(211, 'andouille sausage'),
(212, 'cajun seasoning'),
(213, 'peanut oil'),
(214, 'celery'),
(215, 'ground red pepper'),
(216, 'shrimp'),
(217, 'onion powder'),
(218, 'firm tofu'),
(219, 'turnips'),
(220, 'palm sugar'),
(221, 'sliced chicken'),
(222, 'fish sauce'),
(223, 'lime wedges'),
(224, 'green papaya'),
(225, 'chile powder'),
(226, 'tamarind paste'),
(227, 'chinese chives'),
(228, 'crushed garlic'),
(229, 'green onions'),
(230, 'white sugar'),
(231, 'dried basil'),
(232, 'diced tomatoes'),
(233, 'Johnsonville Andouille Dinner Sausage'),
(234, 'parsley'),
(235, 'jambalaya rice mix'),
(236, 'worcestershire sauce'),
(237, 'hot pepper sauce'),
(238, 'creole seasoning'),
(239, 'bread slices'),
(240, 'great northern beans'),
(241, 'sage leaves'),
(242, 'chinese five-spice powder'),
(243, 'chicken thighs'),
(244, 'star anise'),
(245, 'cream cheese'),
(246, 'shredded cheddar cheese'),
(247, 'black-eyed peas'),
(248, 'tortilla chips'),
(249, 'collard greens'),
(250, 'ham hock'),
(251, 'chicken stock'),
(252, 'apple cider'),
(253, 'freshly ground pepper'),
(254, 'bay leaves'),
(255, 'rib'),
(256, 'light brown sugar'),
(257, 'large garlic cloves'),
(258, 'Oscar Mayer Deli Fresh Smoked Ham'),
(259, 'hoagie rolls'),
(260, 'salami'),
(261, 'giardiniera'),
(262, 'mozzarella cheese'),
(263, 'pepperoni'),
(264, 'ice cubes'),
(265, 'club soda'),
(266, 'white rum'),
(267, 'turbinado'),
(268, 'enchilada sauce'),
(269, 'picante sauce'),
(270, 'green pepper'),
(271, 'canned black beans'),
(272, 'shredded lettuce'),
(273, 'sour cream'),
(274, 'salmon fillets'),
(275, 'cumin seed'),
(276, 'curry powder'),
(277, 'serrano chile'),
(278, 'sauce'),
(279, 'chicken breast halves'),
(280, 'lettuce leaves'),
(281, 'chopped onion'),
(282, 'mandarin oranges'),
(283, 'orange liqueur'),
(284, 'yellow cake mix'),
(285, 'frosting'),
(286, 'fennel bulb'),
(287, 'lemon olive oil'),
(288, 'grapefruit juice'),
(289, 'white cornmeal'),
(290, 'bacon drippings'),
(291, 'buttermilk'),
(292, 'crab boil'),
(293, 'old bay seasoning'),
(294, 'crawfish'),
(295, 'sirloin'),
(296, 'mirin'),
(297, 'corn oil'),
(298, 'glass noodles'),
(299, 'sake'),
(300, 'shiitake'),
(301, 'napa cabbage'),
(302, 'whipping cream'),
(303, 'extra sharp cheddar cheese'),
(304, 'quickcooking grits'),
(305, 'monterey jack'),
(306, 'crushed red pepper'),
(307, 'mussels'),
(308, 'basil'),
(309, 'dry white wine'),
(310, 'finely chopped onion'),
(311, 'baking soda'),
(312, 'honey'),
(313, 'unsalted butter'),
(314, 'lemon'),
(315, 'pesto'),
(316, 'white wine'),
(317, 'bread crumbs'),
(318, 'curry'),
(319, 'low sodium beef broth'),
(320, 'pickapeppa sauce'),
(321, 'cold water'),
(322, 'allspice'),
(323, 'fresh thyme'),
(324, 'ground beef'),
(325, 'melted butter'),
(326, 'matcha green tea powder'),
(327, 'chopped walnuts'),
(328, 'coarse salt'),
(329, 'fenugreek'),
(330, 'urad dal'),
(331, 'white rice'),
(332, 'pizza crust'),
(333, 'part-skim mozzarella cheese'),
(334, 'yukon gold potatoes'),
(335, 'low-fat sour cream'),
(336, 'leeks'),
(337, '1% low-fat milk'),
(338, 'lemongrass'),
(339, 'unsweetened coconut milk'),
(340, 'peanut sauce'),
(341, 'spareribs'),
(342, 'tamari soy sauce'),
(343, 'golden brown sugar'),
(344, 'dry sherry'),
(345, 'chicken legs'),
(346, 'ghee'),
(347, 'tomato paste'),
(348, 'ground turmeric'),
(349, 'cracked black pepper'),
(350, 'minced beef'),
(351, 'dried thyme'),
(352, 'ginger'),
(353, 'chillies'),
(354, 'crushed tomatoes'),
(355, 'fresh rosemary'),
(356, 'boneless pork loin'),
(357, 'pappardelle'),
(358, 'coconut milk'),
(359, 'eggplant'),
(360, 'jasmine rice'),
(361, 'Gochujang base'),
(362, 'top round steak'),
(363, 'rice vinegar'),
(364, 'Taiwanese bok choy'),
(365, 'vanilla'),
(366, 'large egg yolks'),
(367, 'orange juice concentrate'),
(368, 'pumpkin purée'),
(369, 'marshmallow creme'),
(370, 'toasted pecans'),
(371, 'maple syrup'),
(372, 'gingersnap'),
(373, 'ground nutmeg'),
(374, 'brown sugar'),
(375, 'serrano ham'),
(376, 'manchego cheese'),
(377, 'dijon mustard'),
(378, 'sourdough'),
(379, 'membrillo'),
(380, 'burger buns'),
(381, 'panko breadcrumbs'),
(382, 'chickpea flour'),
(383, 'Sriracha'),
(384, 'chickpeas'),
(385, 'ground flaxseed'),
(386, 'greens'),
(387, 'tahini'),
(388, 'ground cloves'),
(389, 'whole nutmegs'),
(390, 'ground cardamom'),
(391, 'Italian bread'),
(392, 'balsamic vinegar'),
(393, 'sausage casings'),
(394, 'shredded mozzarella cheese'),
(395, 'roasted red peppers'),
(396, 'penne pasta'),
(397, 'saffron'),
(398, 'warm water'),
(399, 'preserved lemon'),
(400, 'harissa'),
(401, 'couscous'),
(402, 'cayenne'),
(403, 'fat skimmed chicken broth'),
(404, 'pitted kalamata olives'),
(405, 'fat'),
(406, 'sweetened condensed milk'),
(407, 'ice'),
(408, 'espresso'),
(409, 'fresh asparagus'),
(410, 'pecans'),
(411, 'crumbled blue cheese'),
(412, 'chuck'),
(413, 'hamburger buns'),
(414, 'okra pods'),
(415, 'watercress'),
(416, 'self rising flour'),
(417, 'softened butter'),
(418, 'food colouring'),
(419, 'Madeira'),
(420, 'foie gras'),
(421, 'demi-glace'),
(422, 'sherry vinegar'),
(423, 'white bread'),
(424, 'Fuyu persimmons'),
(425, 'egg bread'),
(426, 'fenugreek leaves'),
(427, 'black mustard seeds'),
(428, 'amchur'),
(429, 'coriander'),
(430, 'fingerling potatoes'),
(431, 'ramps'),
(432, 'black peppercorns'),
(433, 'cinnamon sticks'),
(434, 'cardamom pods'),
(435, 'coriander seeds'),
(436, 'asiago'),
(437, 'whole wheat pasta'),
(438, 'sweet onion'),
(439, 'chestnuts'),
(440, 'granulated sugar'),
(441, 'whole milk ricotta cheese'),
(442, 'coffee ice cream'),
(443, 'mascarpone'),
(444, 'rum'),
(445, 'semisweet chocolate'),
(446, 'chestnut flour'),
(447, 'baby spinach leaves'),
(448, 'chopped garlic'),
(449, 'large shrimp'),
(450, 'barley'),
(451, 'cooked ham'),
(452, 'starchy potatoes'),
(453, 'grated nutmeg'),
(454, 'sirloin tip roast'),
(455, 'steak'),
(456, 'vegetable shortening'),
(457, 'finely chopped fresh parsley'),
(458, 'vinegar'),
(459, 'caul fat'),
(460, 'whole milk'),
(461, 'heavy whipping cream'),
(462, 'kahlúa'),
(463, 'instant espresso powder'),
(464, 'epazote'),
(465, 'radishes'),
(466, 'oregano'),
(467, 'white onion'),
(468, 'hominy'),
(469, 'tomatillos'),
(470, 'pepitas'),
(471, 'catfish fillets'),
(472, 'basmati rice'),
(473, 'cauliflower'),
(474, 'cumin'),
(475, 'blood orange'),
(476, 'low salt chicken broth'),
(477, 'white wine vinegar'),
(478, 'tomato sauce'),
(479, 'shredded carrots'),
(480, 'english muffins, split and toasted'),
(481, 'vegetable oil cooking spray'),
(482, 'chopped green bell pepper'),
(483, 'prawns'),
(484, 'rice flour'),
(485, 'seasoning salt'),
(486, 'lasagna noodles'),
(487, 'ranch dressing'),
(488, 'evaporated milk'),
(489, 'minced garlic'),
(490, 'red wine vinegar'),
(491, 'boneless chop pork'),
(492, 'chile paste'),
(493, 'lower sodium soy sauce'),
(494, 'dark sesame oil'),
(495, 'raisins'),
(496, 'pearl barley'),
(497, 'slivered almonds'),
(498, 'chocolate bars'),
(499, 'marshmallows'),
(500, 'cinnamon graham crackers'),
(501, 'chopped celery'),
(502, 'mustard powder'),
(503, 'cod'),
(504, 'minced onion'),
(505, 'dry bread crumbs'),
(506, 'golden raisins'),
(507, 'margarine'),
(508, 'mace'),
(509, 'brewed tea'),
(510, 'candied orange peel'),
(511, 'grated lemon zest'),
(512, 'dried currants'),
(513, 'rum extract'),
(514, 'dark brown sugar'),
(515, 'noodles'),
(516, 'baby bok choy'),
(517, 'black bean sauce'),
(518, 'red potato'),
(519, 'chinese rice wine'),
(520, 'black beans'),
(521, 'quinoa'),
(522, 'frozen corn'),
(523, 'vegetable broth'),
(524, 'yellow bell pepper'),
(525, 'orange'),
(526, 'duck'),
(527, 'dried mint flakes'),
(528, 'penne rigate'),
(529, 'feta cheese'),
(530, 'ras el hanout'),
(531, 'ground lamb'),
(532, 'large egg whites'),
(533, '2% reduced-fat milk'),
(534, 'napa cabbage leaves'),
(535, 'chicken leg quarters'),
(536, 'cucumber'),
(537, 'long-grain rice'),
(538, 'crusty bread'),
(539, 'baby potatoes'),
(540, 'smoked streaky bacon'),
(541, 'piloncillo'),
(542, 'ground allspice'),
(543, 'hibiscus'),
(544, 'fresh oregano'),
(545, 'chocolate morsels'),
(546, 'cream sweeten whip'),
(547, 'instant espresso granules'),
(548, 'chocolate covered coffee beans'),
(549, 'unflavored gelatin'),
(550, 'pound cake'),
(551, 'pinenuts'),
(552, 'zucchini'),
(553, 'baby carrots'),
(554, 'fresh basil leaves'),
(555, 'asparagus spears'),
(556, 'frozen peas'),
(557, 'arborio rice'),
(558, 'yellow crookneck squash'),
(559, 'chipotles in adobo'),
(560, 'instant white rice'),
(561, 'cilantro leaves'),
(562, 'red beans'),
(563, 'skinless chicken thighs'),
(564, 'lime zest'),
(565, 'condensed cream of mushroom soup'),
(566, 'condensed cream of chicken soup'),
(567, 'lean ground beef'),
(568, 'Mexican cheese blend'),
(569, 'chunky salsa'),
(570, 'taco seasoning mix'),
(571, 'chorizo spanish'),
(572, 'pineapple juice'),
(573, 'dark rum'),
(574, 'daikon'),
(575, 'pork ribs'),
(576, 'goji berries'),
(577, 'oysters'),
(578, 'salsa'),
(579, 'demerara sugar'),
(580, 'egg whites'),
(581, 'fruit'),
(582, 'frozen pastry puff sheets'),
(583, 'mixed spice'),
(584, 'parsnips'),
(585, 'chili oil'),
(586, 'brown mustard seeds'),
(587, 'unsalted cashews'),
(588, 'thai green curry paste'),
(589, 'kecap manis'),
(590, 'frozen broad beans'),
(591, 'basil leaves'),
(592, 'chili flakes'),
(593, 'chicken tenderloin'),
(594, 'creole style seasoning'),
(595, 'condensed cheddar cheese soup'),
(596, 'refried beans'),
(597, 'grated jack cheese'),
(598, 'egg yolks'),
(599, 'asparagus'),
(600, 'fresh leav spinach'),
(601, 'cheese tortellini'),
(602, 'cherry tomatoes'),
(603, 'navy beans'),
(604, 'nonfat milk'),
(605, 'granny smith apples'),
(606, 'lard'),
(607, 'pecorino romano cheese'),
(608, 'fresh fava bean'),
(609, 'italian sausage'),
(610, 'pasta sheets'),
(611, 'spinach leaves'),
(612, 'low-fat natural yogurt'),
(613, 'Flora Cuisine'),
(614, 'curry paste'),
(615, 'bone-in chicken breasts'),
(616, 'white hominy'),
(617, 'dried chile peppers'),
(618, 'frozen whipped topping'),
(619, 'chocolate instant pudding'),
(620, 'instant butterscotch pudding mix'),
(621, 'graham cracker crumbs'),
(622, 'fennel seeds'),
(623, 'kalamata'),
(624, 'kielbasa'),
(625, 'celery ribs'),
(626, 'ham'),
(627, 'moong dal'),
(628, 'capsicum'),
(629, 'green mango'),
(630, 'toasted sesame oil'),
(631, 'tofu'),
(632, 'short-grain rice'),
(633, 'dried shiitake mushrooms'),
(634, 'gari'),
(635, 'Turkish bay leaves'),
(636, 'dried chickpeas'),
(637, 'semolina'),
(638, 'vine ripened tomatoes'),
(639, 'bittersweet chocolate'),
(640, 'fat free yogurt'),
(641, 'skim milk'),
(642, 'angel food cake'),
(643, 'unsweetened cocoa powder'),
(644, 'instant espresso'),
(645, 'organic chicken'),
(646, 'anise'),
(647, 'zinfandel'),
(648, 'orange blossom honey'),
(649, 'calimyrna figs'),
(650, 'clove'),
(651, 'plain whole-milk yogurt'),
(652, 'reduced sodium soy sauce'),
(653, 'beef stock'),
(654, 'chuck roast'),
(655, 'Corn Flakes Cereal'),
(656, 'coleslaw'),
(657, 'garlic salt'),
(658, 'chili paste'),
(659, 'red pepper flakes'),
(660, 'kiwi'),
(661, 'asian pear'),
(662, 'chees fresco queso'),
(663, 'swiss chard'),
(664, 'veal cutlets'),
(665, 'pasta'),
(666, 'wakame'),
(667, 'extra-lean ground beef'),
(668, 'scallion greens'),
(669, 'wonton wrappers'),
(670, 'peeled fresh ginger'),
(671, 'nonstick spray'),
(672, 'chopped fresh thyme'),
(673, 'chicken bones'),
(674, 'green bell pepper, slice'),
(675, 'anchovy fillets'),
(676, 'crusty rolls'),
(677, 'coconut oil'),
(678, 'almond flour'),
(679, 'coconut aminos'),
(680, 'green peas'),
(681, 'clams'),
(682, 'boneless skinless chicken breast halves'),
(683, 'seasoned rice wine vinegar'),
(684, 'snow peas'),
(685, 'hard-boiled egg'),
(686, 'artichoke hearts'),
(687, 'stuffing'),
(688, 'coriander powder'),
(689, 'maida flour'),
(690, 'pita bread rounds'),
(691, 'grated Gruyère cheese'),
(692, 'udon'),
(693, 'red miso'),
(694, 'silken tofu'),
(695, 'button mushrooms'),
(696, 'whole peeled tomatoes'),
(697, 'shredded Monterey Jack cheese'),
(698, 'pickled jalapenos'),
(699, 'broccoli rabe'),
(700, 'parmigiano reggiano cheese'),
(701, 'fontina'),
(702, 'thai chile'),
(703, 'peppercorns'),
(704, 'refrigerated piecrusts'),
(705, 'cream of chicken soup'),
(706, 'frozen peas and carrots'),
(707, 'low sodium chicken broth'),
(708, 'pasta sauce'),
(709, 'olive oil flavored cooking spray'),
(710, 'frozen chopped spinach'),
(711, 'part-skim ricotta cheese'),
(712, 'manicotti shells'),
(713, 'fettucine'),
(714, 'parmesan cheese'),
(715, 'chicken bouillon'),
(716, 'chili paste with garlic'),
(717, 'fresh veget'),
(718, 'taco sauce'),
(719, 'guacamole'),
(720, 'salsa verde'),
(721, 'condiments'),
(722, 'pork shoulder roast'),
(723, 'tortillas'),
(724, 'rose petals'),
(725, 'almonds'),
(726, 'pistachios'),
(727, 'chicken wings'),
(728, 'drumstick'),
(729, 'green chile'),
(730, 'peeled tomatoes'),
(731, 'chicken'),
(732, 'chiles'),
(733, 'adobo sauce'),
(734, 'ancho powder'),
(735, 'chipotle chile powder'),
(736, 'Old El Paso Flour Tortillas'),
(737, 'cranberry sauce'),
(738, 'beer'),
(739, 'chili sauce'),
(740, 'beef rib short'),
(741, 'miso paste'),
(742, 'seaweed'),
(743, 'dashi'),
(744, 'fresh dill'),
(745, 'yoghurt'),
(746, 'myzithra'),
(747, 'phyllo'),
(748, 'kefalotyri'),
(749, 'okra'),
(750, 'cracker crumbs'),
(751, 'Philadelphia Cream Cheese'),
(752, 'crab meat'),
(753, 'savoy cabbage'),
(754, 'boneless chicken thighs'),
(755, 'potato starch'),
(756, 'cream of tartar'),
(757, 'semi-sweet chocolate morsels'),
(758, 'cake flour'),
(759, 'ricotta cheese'),
(760, 'serrano'),
(761, 'steel-cut oats'),
(762, 'hazelnuts'),
(763, 'hazelnut oil'),
(764, 'sweet cherries'),
(765, 'fire roasted diced tomatoes'),
(766, 'red kidnei beans, rins and drain'),
(767, 'wasabi paste'),
(768, 'black sesame seeds'),
(769, 'Japanese soy sauce'),
(770, 'fresh salmon'),
(771, 'dried porcini mushrooms'),
(772, 'dry red wine'),
(773, 'hot water'),
(774, 'fat free less sodium beef broth'),
(775, 'cremini mushrooms'),
(776, 'creole mustard'),
(777, 'prepared horseradish'),
(778, 'celery salt'),
(779, 'shrimp and crab boil seasoning'),
(780, 'turnip greens'),
(781, 'butternut squash'),
(782, 'apples'),
(783, 'country ham'),
(784, 'frozen edamame beans'),
(785, 'whole kernel corn, drain'),
(786, 'strong white bread flour'),
(787, 'salted butter'),
(788, 'sunflower oil'),
(789, 'kalonji'),
(790, 'instant yeast'),
(791, 'fresh coriander'),
(792, 'cooked white rice'),
(793, 'mixed mushrooms'),
(794, 'wood ear mushrooms'),
(795, 'vegetables'),
(796, 'taco seasoning'),
(797, 'bell pepper'),
(798, 'boneless skinless chicken breasts'),
(799, 'shredded cheese'),
(800, 'eau de vie'),
(801, 'leaves'),
(802, 'cane sugar'),
(803, 'baking apples'),
(804, 'salt and ground black pepper'),
(805, 'sliced black olives'),
(806, 'chopped green chilies'),
(807, 'rosemary leaves'),
(808, 'lean steak'),
(809, 'Guinness Lager'),
(810, 'dried rosemary'),
(811, 'water chestnuts, drained and chopped'),
(812, 'chinese cabbage'),
(813, 'dipping sauces'),
(814, 'lean ground pork'),
(815, 'pico de gallo'),
(816, 'cheese slices'),
(817, 'chorizo'),
(818, 'french bread'),
(819, 'dried dillweed'),
(820, 'red wine'),
(821, 'lamb'),
(822, 'plain yogurt'),
(823, 'kale'),
(824, 'Mexican beer'),
(825, 'boneless beef short ribs'),
(826, 'guajillo'),
(827, 'saffron threads'),
(828, 'fresh spinach'),
(829, 'banana squash'),
(830, 'cannellini beans'),
(831, 'shortening'),
(832, 'Franks Hot Sauce'),
(833, 'pears'),
(834, 'light pancake syrup'),
(835, 'puff pastry'),
(836, 'apple cider vinegar'),
(837, 'mushroom powder'),
(838, 'bone in chicken thighs'),
(839, 'fresh bay leaves'),
(840, 'cilantro'),
(841, 'skinless chicken breasts'),
(842, 'light sour cream'),
(843, 'fava beans'),
(844, 'fresh tarragon'),
(845, 'kidney beans'),
(846, 'orzo pasta'),
(847, 'dri leav thyme'),
(848, 'wasabi'),
(849, 'jumbo shrimp'),
(850, 'sticky rice'),
(851, 'white sesame seeds'),
(852, 'chopped almonds'),
(853, 'baby arugula'),
(854, 'tequila'),
(855, 'margarita mix'),
(856, 'crust'),
(857, 'grits'),
(858, 'pecan halves'),
(859, 'corn syrup'),
(860, 'superfine sugar'),
(861, 'blackberries'),
(862, 'whiskey'),
(863, 'luke warm water'),
(864, 'active dry yeast'),
(865, 'fresh mint'),
(866, 'jamaican jerk season'),
(867, 'pineapple preserves'),
(868, 'chicken drumsticks'),
(869, 'pitas'),
(870, 'goat cheese'),
(871, 'gingerroot'),
(872, 'rib eye steaks'),
(873, 'hot bean paste'),
(874, 'medjool date'),
(875, 'diced bell pepper'),
(876, 'cream'),
(877, 'smoked paprika'),
(878, 'reduced fat milk'),
(879, 'smoked trout'),
(880, 'garlic puree'),
(881, 'green cardamom pods'),
(882, 'tomato purée'),
(883, 'pickled jalapeno peppers'),
(884, 'romaine lettuce leaves'),
(885, 'crema mexicana'),
(886, 'chile sauce'),
(887, 'queso fresco'),
(888, 'Boston lettuce'),
(889, 'persian cucumber'),
(890, 'peanut butter'),
(891, 'rice paper'),
(892, 'Korean chile flakes'),
(893, 'red chile powder'),
(894, 'boneless chicken breast'),
(895, 'cashew nuts'),
(896, 'kashmiri chile'),
(897, 'kasuri methi'),
(898, 'mustard oil'),
(899, 'ginger paste'),
(900, 'cinnamon'),
(901, 'tomato ketchup'),
(902, 'pecan pie'),
(903, 'tostada shells'),
(904, 'grouper'),
(905, 'corn kernels'),
(906, 'ricotta salata'),
(907, 'pecorino cheese'),
(908, 'grana padano'),
(909, 'kaffir lime leaves'),
(910, 'corn'),
(911, 'soba noodles'),
(912, 'galangal'),
(913, 'green curry paste'),
(914, 'bamboo shoots'),
(915, 'chopped nuts'),
(916, 'bourbon whiskey'),
(917, 'ketchup'),
(918, 'rhubarb'),
(919, 'liquid'),
(920, 'store bought low sodium chicken stock'),
(921, 'safflower oil'),
(922, 'jeera'),
(923, 'cardamom'),
(924, 'crema'),
(925, 'salmon steaks'),
(926, 'jam'),
(927, 'karashi'),
(928, 'spring onions'),
(929, 'free range egg'),
(930, 'jicama'),
(931, 'water chestnuts'),
(932, 'diced celery'),
(933, 'shredded sharp cheddar cheese'),
(934, 'dinner rolls'),
(935, 'cactus pad'),
(936, 'fenugreek seeds'),
(937, 'cauliflower flowerets'),
(938, 'boiling potatoes'),
(939, 'baby spinach'),
(940, 'tuna steaks'),
(941, 'spices'),
(942, 'octopuses'),
(943, 'vidalia onion'),
(944, 'smoked gouda'),
(945, 'small red potato'),
(946, 'tuna'),
(947, 'fat-free refried beans'),
(948, 'low-fat milk'),
(949, 'fresh lime'),
(950, 'ground white pepper'),
(951, 'Bertolli® Classico Olive Oil'),
(952, 'bacon, crisp-cooked and crumbled'),
(953, 'bertolli vineyard premium collect marinara with burgundi wine sauc'),
(954, 'bread crumb fresh'),
(955, 'margarita salt'),
(956, '(    oz.) tomato sauce'),
(957, 'ground veal'),
(958, 'italian seasoning mix'),
(959, 'beef'),
(960, 'solid pack pumpkin'),
(961, 'fresh thyme leaves'),
(962, 'whole grain thin spaghetti'),
(963, 'grapeseed oil'),
(964, 'organic sugar'),
(965, 'dried cherry'),
(966, 'straw mushrooms'),
(967, 'vidalia'),
(968, 'haricots verts'),
(969, 'wax beans'),
(970, 'prosciutto'),
(971, 'romano cheese'),
(972, 'cooked shrimp'),
(973, 'crabmeat'),
(974, 'strawberries'),
(975, 'green peppercorns'),
(976, 'pork loin chops'),
(977, 'chipotle peppers'),
(978, 'blueberri preserv'),
(979, 'filet'),
(980, 'thyme leaves'),
(981, 'coffee beans'),
(982, 'vegan margarine'),
(983, 'pork shoulder'),
(984, 'parsley leaves'),
(985, 'fresh raspberries'),
(986, 'frozen whole kernel corn'),
(987, 'wish bone guacamol ranch dress'),
(988, 'torn romain lettuc leav'),
(989, 'russet potatoes'),
(990, 'mexican chorizo'),
(991, 'colby cheese'),
(992, 'half & half'),
(993, 'dry vermouth'),
(994, 'canned low sodium chicken broth'),
(995, 'roasted salted cashews'),
(996, 'fresh lemon'),
(997, 'toasted sesame seeds'),
(998, 'paneer cheese'),
(999, 'lemon grass'),
(1000, 'Thai fish sauce'),
(1001, 'light brown muscavado sugar'),
(1002, 'english cucumber'),
(1003, 'fillets'),
(1004, 'boneless center cut pork chops'),
(1005, 'pork tenderloin'),
(1006, 'shell-on shrimp'),
(1007, 'steamed white rice'),
(1008, 'caramel sauce'),
(1009, 'chili pepper'),
(1010, 'boneless skinless chicken'),
(1011, 'seasoned bread crumbs'),
(1012, 'bean threads'),
(1013, 'reduced sodium tamari'),
(1014, 'sourdough baguette'),
(1015, 'liquorice'),
(1016, 'green cardamom'),
(1017, 'szechwan peppercorns'),
(1018, 'chinese black bean'),
(1019, 'cooking wine'),
(1020, 'dried chile'),
(1021, 'rock sugar'),
(1022, 'bean paste'),
(1023, 'brown cardamom'),
(1024, 'leg of lamb'),
(1025, 'red kidney beans'),
(1026, 'fresh mushrooms'),
(1027, 'red radishes'),
(1028, 'granulated garlic'),
(1029, 'beans'),
(1030, 'jack cheese'),
(1031, 'ricotta'),
(1032, 'reduced sodium chicken broth'),
(1033, 'mung bean sprouts'),
(1034, 'sesame paste'),
(1035, 'pickled vegetables'),
(1036, 'jaggery'),
(1037, 'coconut'),
(1038, 'firmly packed brown sugar'),
(1039, 'chopped pecans'),
(1040, 'spam'),
(1041, 'rice cakes'),
(1042, 'kimchi'),
(1043, 'tapioca starch'),
(1044, 'chili'),
(1045, 'cider vinegar'),
(1046, 'dressing'),
(1047, 'salad'),
(1048, 'tuna fillets'),
(1049, 'lamb neck fillets'),
(1050, 'chopped parsley'),
(1051, 'polenta'),
(1052, 'olive oil cooking spray'),
(1053, 'cauliflower florets'),
(1054, 'sweet chili sauce'),
(1055, 'Old El Paso™ mild red enchilada sauce'),
(1056, 'Pillsbury™ Refrigerated Crescent Dinner Rolls'),
(1057, 'refrigerated crescent rolls'),
(1058, 'red enchilada sauce'),
(1059, 'sea scallops'),
(1060, 'grate lime peel'),
(1061, 'bottled clam juice'),
(1062, 'sun-dried tomatoes in oil'),
(1063, 'unsalted dry roast peanuts'),
(1064, 'dried red chile peppers'),
(1065, 'cooked brown rice'),
(1066, 'bok choy'),
(1067, 'fry mix'),
(1068, 'yellow mustard'),
(1069, 'baguette'),
(1070, 'orange zest'),
(1071, 'fennel'),
(1072, 'salted roast peanuts'),
(1073, 'onion tops'),
(1074, 'mustard'),
(1075, 'cornmeal'),
(1076, 'grated lemon peel'),
(1077, 'sliced almonds'),
(1078, 'grated orange'),
(1079, 'fresh red chili'),
(1080, 'natural peanut butter'),
(1081, 'grated orange peel'),
(1082, 'minced ginger'),
(1083, 'orange juice'),
(1084, 'chili garlic paste'),
(1085, 'masa harina'),
(1086, 'crème fraîche'),
(1087, 'double-acting baking powder'),
(1088, 'duck breast halves'),
(1089, 'California bay leaves'),
(1090, 'mint leaves'),
(1091, 'vanilla lowfat yogurt'),
(1092, 'pesto sauce'),
(1093, 'arugula'),
(1094, 'shredded coconut'),
(1095, 'glutinous rice flour'),
(1096, 'lentils'),
(1097, 'vermicelli noodles'),
(1098, 'pickled carrots'),
(1099, 'white radish'),
(1100, 'cream cheese, soften'),
(1101, 'coconut sugar'),
(1102, 'white corn tortillas'),
(1103, 'plantains'),
(1104, 'egg noodles'),
(1105, 'beef shank'),
(1106, 'fried garlic'),
(1107, 'summer squash'),
(1108, 'ciabatta'),
(1109, 'juice'),
(1110, 'fresh herbs'),
(1111, 'plum sauce'),
(1112, 'dough'),
(1113, 'coarse sea salt'),
(1114, 'dried kidney beans'),
(1115, 'smoked ham hocks'),
(1116, 'brie cheese'),
(1117, 'wheat germ'),
(1118, 'boneless rib eye steaks'),
(1119, 'vermicelli'),
(1120, 'mini cucumbers'),
(1121, 'bird chile'),
(1122, 'corn flour'),
(1123, 'cheese ravioli'),
(1124, 'Italian seasoned breadcrumbs'),
(1125, 'meat bones'),
(1126, 'diced onions'),
(1127, 'hearts of palm'),
(1128, 'coconut cream'),
(1129, 'flax seed meal'),
(1130, 'coconut flour'),
(1131, 'slaw mix'),
(1132, 'chunky peanut butter'),
(1133, 'pickles'),
(1134, 'hoagie buns'),
(1135, 'fat-free cottage cheese'),
(1136, 'oven-ready lasagna noodles'),
(1137, 'radicchio'),
(1138, 'sweet paprika'),
(1139, 'andouille sausage links'),
(1140, 'tea bags'),
(1141, 'rosemary sprigs'),
(1142, 'rubbed sage'),
(1143, 'canned beef broth'),
(1144, 'kale leaves'),
(1145, 'chicken noodle soup'),
(1146, 'italian style rolls'),
(1147, 'genoa salami'),
(1148, 'boiled ham'),
(1149, 'capicola'),
(1150, 'table cream'),
(1151, 'grating cheese'),
(1152, 'dill'),
(1153, 'chocolate sauce'),
(1154, 'quail'),
(1155, 'caster'),
(1156, 'shiso'),
(1157, 'extra large eggs'),
(1158, 'italian salad dressing mix'),
(1159, 'dashi kombu'),
(1160, 'dried bonito flakes'),
(1161, 'white miso'),
(1162, 'branzino fillets'),
(1163, 'mixed greens'),
(1164, 'round steaks'),
(1165, 'carbonated beverages'),
(1166, 'saltines'),
(1167, 'barbecue sauce'),
(1168, 'prepared pizza crust'),
(1169, 'Sargento® Traditional Cut Shredded Mozzarella Cheese'),
(1170, 'erythritol'),
(1171, 'ice water'),
(1172, 'asparagus tips'),
(1173, 'nutmeg'),
(1174, 'fresh chives'),
(1175, 'artichokes'),
(1176, 'portabello mushroom'),
(1177, 'medium eggs'),
(1178, 'allspice berries'),
(1179, 'nori'),
(1180, 'yellowtail'),
(1181, 'tomatillo salsa'),
(1182, 'chipotle'),
(1183, 'ground chicken'),
(1184, 'white sandwich bread'),
(1185, 'tamarind pulp'),
(1186, 'mustard seeds'),
(1187, 'louisiana hot sauce'),
(1188, 'arame'),
(1189, 'konbu'),
(1190, 'lemon cucumber'),
(1191, 'Himalayan salt'),
(1192, 'plain breadcrumbs'),
(1193, 'back bacon rashers'),
(1194, 'cooked quinoa'),
(1195, 'gluten-free tamari'),
(1196, 'uncook medium shrimp, peel and devein'),
(1197, 'horseradish'),
(1198, 'catfish'),
(1199, 'basil pesto sauce'),
(1200, 'aioli'),
(1201, 'mozzarella balls'),
(1202, 'sun-dried tomatoes'),
(1203, 'cocoa powder'),
(1204, 'pasilla pepper'),
(1205, 'Mexican cheese'),
(1206, 'roasted tomatoes'),
(1207, 'corn chips'),
(1208, 'chinese noodles'),
(1209, 'fettuccine pasta'),
(1210, 'soft fresh goat cheese'),
(1211, 'chopped fresh sage'),
(1212, 'lager beer'),
(1213, 'poblano chiles'),
(1214, 'vinaigrette dressing'),
(1215, 'red beets'),
(1216, 'boiled eggs'),
(1217, 'caster sugar'),
(1218, 'spring roll wrappers'),
(1219, 'bread flour'),
(1220, 'chicken fingers'),
(1221, 'apricot preserves'),
(1222, 'ginger juice'),
(1223, 'sesame salt'),
(1224, 'rice wine'),
(1225, 'frozen spinach'),
(1226, 'lasagne'),
(1227, 'fat free cream cheese'),
(1228, 'non-fat sour cream'),
(1229, 'reduced fat swiss cheese'),
(1230, 'fat-free mayonnaise'),
(1231, 'roasted garlic'),
(1232, 'sundried tomato paste'),
(1233, 'sheep’s milk cheese'),
(1234, 'champagne vinegar'),
(1235, 'dried tart cherries'),
(1236, 'porcini'),
(1237, 'sourdough loaf'),
(1238, 'duck fat'),
(1239, 'squabs'),
(1240, 'confit'),
(1241, 'unsalted roasted peanuts'),
(1242, 'wide rice noodles'),
(1243, 'canned corn'),
(1244, 'lettuce'),
(1245, 'aged gouda'),
(1246, 'soppressata'),
(1247, 'beef steak'),
(1248, 'biscuits'),
(1249, 'lump crab meat'),
(1250, 'vegetable juice'),
(1251, 'seafood seasoning'),
(1252, 'applewood smoked bacon'),
(1253, 'lemon slices'),
(1254, 'chicken cutlets'),
(1255, 'ground meat'),
(1256, 'red cabbage'),
(1257, 'wheat flour'),
(1258, 'wheat bran'),
(1259, 'low-fat buttermilk'),
(1260, 'whole wheat flour'),
(1261, 'soba'),
(1262, 'mustard greens'),
(1263, 'orzo'),
(1264, 'veal chops'),
(1265, 'coarse kosher salt'),
(1266, 'ancho chile pepper'),
(1267, 'masa'),
(1268, 'oil cured olives'),
(1269, 'pasta rotel'),
(1270, 'pasta water'),
(1271, 'tamarind'),
(1272, 'black salt'),
(1273, 'brine-cured black olives'),
(1274, 'pork chops'),
(1275, 'Tabasco Pepper Sauce'),
(1276, 'uncooked rigatoni'),
(1277, 'long grain white rice'),
(1278, 'fish fillets'),
(1279, 'red chili powder'),
(1280, 'rolls'),
(1281, 'cinnamon sugar'),
(1282, 'golden delicious apples'),
(1283, 'pepper flakes'),
(1284, 'rice syrup'),
(1285, 'bosc pears'),
(1286, 'buckwheat noodles'),
(1287, 'curry leaves'),
(1288, 'Smithfield Ham'),
(1289, 'freshly grated parmesan'),
(1290, 'hass avocado'),
(1291, 'McCormick Parsley Flakes'),
(1292, 'bread'),
(1293, 'lower sodium chicken broth'),
(1294, 'frozen blueberries'),
(1295, 'peaches'),
(1296, 'pitted olives'),
(1297, 'florets'),
(1298, 'thyme sprigs'),
(1299, 'butter lettuce'),
(1300, 'gluten-free hoisin sauce'),
(1301, 'edamame'),
(1302, 'ground cayenne pepper'),
(1303, 'toasted cashews'),
(1304, 'short rib'),
(1305, 'sambal ulek'),
(1306, 'coconut vinegar'),
(1307, 'lemon soda'),
(1308, 'annatto oil'),
(1309, 'string beans'),
(1310, 'egg roll wraps'),
(1311, 'steamed rice'),
(1312, 'penne'),
(1313, 'Crystal Farms Butter'),
(1314, 'Crystal Farms Shredded Gouda Cheese'),
(1315, 'mint'),
(1316, 'berries'),
(1317, 'figs'),
(1318, 'sprinkles'),
(1319, 'kurufasulye'),
(1321, 'biber'),
(1322, 'large garlic cloves, crushed'),
(1323, 'freshly ground beef'),
(1324, ''),
(1325, 'yesilfasulye'),
(1326, 'haslanmis patates'),
(1327, 'haslama'),
(1328, 'vegetable oil, haslama'),
(1329, 'sad'),
(1330, 'eggs, beaten'),
(1331, 'icing sugar'),
(1332, 'ground almonds'),
(1333, 'red food coloring'),
(1334, 'd'),
(1335, 'beef cheeks'),
(1336, 'vanilla ice cream'),
(1337, 'espresso coffee'),
(1338, 'medium aubergines'),
(1339, 'pot thick yogurt'),
(1340, 'grape tomatoess'),
(1341, 'seasonings'),
(1342, 'buttermilks'),
(1343, 'patates'),
(1344, 'domates'),
(1345, 'kivi'),
(1346, 'mandalina'),
(1347, 'Array'),
(1348, 'kirmizi biber'),
(1349, '3'),
(1350, 'grated ginger'),
(1351, 'lamb chops'),
(1352, 'chicken chops'),
(1353, 'oranges'),
(1354, 'lemons'),
(1355, 'red berries'),
(1356, 'bottle light red wine'),
(1357, 'Spanish brandy'),
(1358, 'sparkling water'),
(1359, 'thick slices brioche');

-- --------------------------------------------------------

--
-- Table structure for table `recipe`
--

CREATE TABLE `recipe` (
  `id` int(11) NOT NULL,
  `name` varchar(255) NOT NULL,
  `cuisine` varchar(128) NOT NULL,
  `instructions` varchar(10000) NOT NULL,
  `created_at` datetime NOT NULL,
  `user_id` int(11) NOT NULL
) ENGINE=InnoDB DEFAULT CHARSET=utf8mb4 COLLATE=utf8mb4_general_ci;

--
-- Dumping data for table `recipe`
--

INSERT INTO `recipe` (`id`, `name`, `cuisine`, `instructions`, `created_at`, `user_id`) VALUES
(122, 'Flamiche', 'French', 'STEP 1\r\nMix the flour and salt together in a large bowl. Mix the yeast with 175ml warm water and leave for 5 mins to froth just a little, then add to the flour and mix vigorously with a metal spoon. Knead the dough as soon as it comes together on a lightly floured surface for around 5 mins until smooth. Alternatively, use a mixer fitted with a dough hook, working the dough for around 5 mins on medium speed, then adding the salt towards the end of the mixing time. Leave in a lightly oiled bowl covered with a clean, damp tea towel until nearly doubled in size, about 1 hr.\r\n\r\nSTEP 2\r\nMeanwhile, heat the butter in a frying pan over a medium heat and cook the leaks until softened, about 8 mins. Don’t let them colour. When soft, remove from the heat and leave to cool. Beat the eggs, crème fraîche, grated cheese, herbs and nutmeg together, and season well with plenty of pepper and some salt. Mix in the leeks.\r\n\r\nSTEP 3\r\nHeat the oven to 220C/200C fan/gas 7. Line a 40 x 30cm baking tray with baking parchment. Lightly flour the work surface and roll the dough out to fit the baking sheet – it should be about 5mm thick. Make a small lip around the edge of the dough by folding the dough inward. Evenly spread the leek mixture over the dough, leaving a 1cm border. Sprinkle over the parmesan.\r\n\r\nSTEP 4\r\nCook the flamiche in the oven for around 25 mins until lightly golden on the top and the base is crisp. Remove from the oven, cut into squares and serve with salad, if you like.', '2023-01-19 15:54:05', 23),
(123, 'Macarons', 'French', 'STEP 1\r\nPlace the icing sugar and ground almonds in the bowl of a food processor and pulse about 15 times until fully combined. Sieve this mixture into a large bowl, discarding any particles that stay in the sieve. Add the first batch of egg whites to the almond mixture, mix to form a thick paste and set aside.\r\n\r\nSTEP 2\r\nTip the second batch of egg whites into a spotlessly clean, heatproof bowl and have an electric whisk at the ready. Place 50ml water and the granulated sugar into a small saucepan on medium heat. Bring to a boil and cook until the syrup registers 110C, using a sugar thermometer, at which time start to beat the egg whites on high speed. Once the syrup is at 118C pour it slowly down the side of the mixer bowl, avoiding the moving whisk. Continue to whisk on high until the mixture has cooled slightly and you have a shiny peaked meringue mixture – the bowl should no longer be hot to the touch, but still warm. Add the colouring and whisk to combine.\r\n\r\nSTEP 3\r\nTip the meringue onto the almond mixture and gently fold together. It is important not to over-mix the batter – it should fall in a thick ribbon from the spatula. The ribbon should also fade back into the batter within about 30 secs – if it doesn’t, fold a few more times.\r\n\r\nSTEP 4\r\nHeat oven to 170C/150C fan/gas 3-4. Line three baking sheets with baking parchment. Transfer the batter to a piping bag fitted with a large round nozzle. Hold the bag vertically to the tray, with the nozzle about 1cm from it. Pipe rounds about 2.5cm in diameter onto the prepared baking sheets. Leave to rest for 30 mins, or until the macarons have developed a skin.', '2023-01-19 16:24:59', 23),
(131, 'Beef cheek ravioli', 'Italian', '1) To make the beef cheek filling, roll the beef in the flour and pat off any excess. Heat the oil in a large casserole over a medium heat, add the meat and cook until well browned all over. Remove the meat and set aside.\r\n\r\n2) Preheat the oven to 150C/130C Fan/Gas 2. Add the onion, carrots and celery to the casserole and cook for around 8–10 minutes, until the onions are just soft. Stir in the garlic and tomato purée. Add the beer (or red wine) and stock and return the meat to the casserole. Bring to a gentle simmer, cover with the lid and place in the oven. Cook for around 4 hours until the cheeks are tender. (You could also cook them in a slow cooker for 8 hours or in a pressure cooker at high pressure for 1 hour.) Season with salt and pepper, to taste, and set aside to cool completely.\r\n\r\n3) To make the pasta, place the flour in a mound on a large clean work surface. Make a well in the centre and add the eggs. Gradually draw the flour into the eggs with your hands to create a dough. The dough will become less sticky as it comes together. Form into a ball and knead for around 8 minutes until smooth, elastic and when you drag your thumb across the dough it doesn’t tear. Place in an airtight box and chill in the fridge for 30 minutes.\r\n\r\n4) Divide the dough into two equal pieces and place one piece on a work surface dusted with semolina. Make sure the other dough piece is covered with a damp tea towel to prevent it from drying out. Roll the dough into a rectangle that is about 5mm/¼in thick.', '2023-01-19 16:34:01', 23),
(136, 'Affogato', 'Italian', '1) Put a scoop of ice cream in four bowls, bearing in mind that the bowls should be small enough for the espresso to form a pool around the ice cream.\r\n\r\n2) Give each person a bowl and a freshly-made espresso. Pour the espressos over the ice cream and eat quickly.', '2023-01-19 16:38:14', 23),
(160, 'Smoked aubergine purée', 'Turkey', 'STEP 1\r\nHeat grill to very hot. Slice the aubergines in half lengthways, then grill for 25 mins, turning occasionally, until soft – the skin will remain firm, but the flesh will soften. Lift the aubergines off the grill and leave until cool enough to handle.\r\n\r\nSTEP 2\r\nUsing a sharp knife, score the grilled flesh and scoop out the flesh with a spoon. Tip into a bowl and mash with a fork until you get a thick pulp. Beat in the lemon juice and garlic. Add the yogurt and dill, and season. Serve while still warm.', '2023-01-20 10:57:42', 23),
(178, 'Chilli ginger lamb chops', 'Turkey', 'STEP 1\r\nPut the garlic in a bowl with the ginger, lemon juice, oil, spices and seasoning. Blitz with a hand blender until smooth, then use to coat the lamb chops on both sides. Leave to marinate in the fridge for a couple of hours or overnight.\r\n\r\nSTEP 2\r\nHeat a barbecue until hot. Barbecue the chops over the coals for 3 mins on each side until cooked but still pink and juicy in the centre.', '2023-01-21 11:08:13', 11),
(179, 'Easy sangria', 'Spanish', 'STEP 1\r\nPut the chopped fruit in a bowl and sprinkle over the sugar and cinnamon, then stir to coat. Cover and leave to macerate in the fridge for at least 1 hr, or ideally overnight.\r\n\r\nSTEP 2\r\nFill a large jug with ice. Stir the macerated fruit mixture to ensure the sugar is dissolved, then tip into the jug with the wine and brandy. Stir, then top up with the sparkling water and serve.', '2023-01-21 11:13:07', 11),
(180, 'French toast', 'French', 'STEP 1\r\nWhisk together the eggs, milk, cream, vanilla and cinnamon. Lay the brioche slices in a single layer in a shallow dish and pour the egg mixture over them. Allow to soak for 2-3 mins, then carefully turn over and soak for 2 mins more.\r\n\r\nSTEP 2\r\nHeat 1 tbsp of the vegetable oil and butter in a non-stick frying pan over a medium heat until foaming. Carefully lift 2 slices of the soaked brioche out of the dish and add to the frying pan. Fry for 3 mins on each side, until golden and crisp, then place on a wire rack over a baking tray in a warm oven while you repeat with the remaining slices.\r\n\r\nSTEP 3\r\nServe dusted in icing sugar and scattered with fresh berries, if you like.', '2023-01-21 11:17:08', 23);

-- --------------------------------------------------------

--
-- Table structure for table `recipe_ingredients`
--

CREATE TABLE `recipe_ingredients` (
  `recipe_id` int(11) NOT NULL,
  `ingredients_id` int(11) NOT NULL,
  `quantity` varchar(65) NOT NULL,
  `unit` varchar(64) DEFAULT NULL
) ENGINE=InnoDB DEFAULT CHARSET=utf8mb4 COLLATE=utf8mb4_general_ci;

--
-- Dumping data for table `recipe_ingredients`
--

INSERT INTO `recipe_ingredients` (`recipe_id`, `ingredients_id`, `quantity`, `unit`) VALUES
(122, 786, '250', 'g'),
(122, 12, '5', 'g'),
(122, 55, '2', 'tbsp'),
(122, 336, '500', 'g'),
(122, 1330, '2', ''),
(122, 115, '20', 'g'),
(123, 1331, '170', 'g'),
(123, 1332, '160', 'g'),
(123, 580, '120', 'ml'),
(123, 440, '160', 'g'),
(131, 1335, '800', 'g'),
(131, 10, '2', 'tbsp'),
(131, 20, '2', 'tbsp'),
(136, 1336, '4', 'scoops'),
(136, 1337, '4', 'shots'),
(160, 1338, '2', ''),
(160, 38, '1', ''),
(160, 106, '2-3', ''),
(160, 1339, '150', 'ml'),
(178, 106, '5', ''),
(178, 1350, '1', 'tbsp'),
(178, 38, '1', 'tbsp'),
(178, 39, '1/2', 'tsp'),
(178, 1351, '8', ''),
(179, 1353, '2', ''),
(179, 833, '2', ''),
(179, 1354, '2', ''),
(179, 1355, '200', 'g'),
(179, 1217, '3', 'tbsp'),
(179, 407, '', ''),
(179, 1356, '750', 'ml'),
(179, 1357, '100', 'ml'),
(179, 1358, '300', 'ml'),
(180, 16, '2', 'large'),
(180, 460, '80', 'ml'),
(180, 51, '1', 'tsp'),
(180, 900, '1/2', 'tsp'),
(180, 1359, '4', ''),
(180, 20, '2', 'tpsp'),
(180, 28, '2', 'tbsp');

-- --------------------------------------------------------

--
-- Table structure for table `user`
--

CREATE TABLE `user` (
  `id` int(11) NOT NULL,
  `firstname` varchar(128) NOT NULL,
  `lastname` varchar(128) NOT NULL,
  `hashed_password` varchar(512) NOT NULL,
  `role` int(11) NOT NULL,
  `username` varchar(128) NOT NULL
) ENGINE=InnoDB DEFAULT CHARSET=utf8mb4 COLLATE=utf8mb4_general_ci;

--
-- Dumping data for table `user`
--

INSERT INTO `user` (`id`, `firstname`, `lastname`, `hashed_password`, `role`, `username`) VALUES
(11, 'Nisan', 'Atalay', '$2y$10$bqzbxGAP89MLWCOH1S67WOROR4GcLG056NZyuplKIP1D8.Ybv94t6', 2, 'atalaynisan'),
(23, 'Vedat', 'Turk', '$2y$10$OjixpmIZUsrom0dPAbrcReyYQZUD686jomm7SgsniIafggiTo/yY.', 1, 'vedatturk'),
(26, 'Riccardo', 'Biggi', '$2y$10$/iU.VXXRxtd1i5gWPcKgRulTP1/hZ85vapj80SixTPRdg8TLjkEMa', 1, 'biggiriccardo'),
(34, 'Mark', 'Haan', '$2y$10$6Q3.DLpvD7oWSLLS.fgAXuZWQ/V2KRHUAqu2SIboNZCHhK5aI.rqm', 2, 'markhaan'),
(35, 'Megan', 'Carcar', '$2y$10$BVkT8kfWeszkrEoEQwRBJe5IPzxhc0h61fqTqrpST2jM3hj8TV1.C', 1, 'carcarmegan');

--
-- Indexes for dumped tables
--

--
-- Indexes for table `ingredients`
--
ALTER TABLE `ingredients`
  ADD PRIMARY KEY (`id`);

--
-- Indexes for table `recipe`
--
ALTER TABLE `recipe`
  ADD PRIMARY KEY (`id`);

--
-- Indexes for table `recipe_ingredients`
--
ALTER TABLE `recipe_ingredients`
  ADD KEY `ingredients_id` (`ingredients_id`),
  ADD KEY `recipe_id` (`recipe_id`);

--
-- Indexes for table `user`
--
ALTER TABLE `user`
  ADD PRIMARY KEY (`id`);

--
-- AUTO_INCREMENT for dumped tables
--

--
-- AUTO_INCREMENT for table `ingredients`
--
ALTER TABLE `ingredients`
  MODIFY `id` int(11) NOT NULL AUTO_INCREMENT, AUTO_INCREMENT=1360;

--
-- AUTO_INCREMENT for table `recipe`
--
ALTER TABLE `recipe`
  MODIFY `id` int(11) NOT NULL AUTO_INCREMENT, AUTO_INCREMENT=181;

--
-- AUTO_INCREMENT for table `user`
--
ALTER TABLE `user`
  MODIFY `id` int(11) NOT NULL AUTO_INCREMENT, AUTO_INCREMENT=36;

--
-- Constraints for dumped tables
--

--
-- Constraints for table `recipe_ingredients`
--
ALTER TABLE `recipe_ingredients`
  ADD CONSTRAINT `ingredients_constraint` FOREIGN KEY (`ingredients_id`) REFERENCES `ingredients` (`id`) ON DELETE CASCADE ON UPDATE CASCADE,
  ADD CONSTRAINT `recipe_constraint` FOREIGN KEY (`recipe_id`) REFERENCES `recipe` (`id`) ON DELETE CASCADE ON UPDATE CASCADE;
COMMIT;

/*!40101 SET CHARACTER_SET_CLIENT=@OLD_CHARACTER_SET_CLIENT */;
/*!40101 SET CHARACTER_SET_RESULTS=@OLD_CHARACTER_SET_RESULTS */;
/*!40101 SET COLLATION_CONNECTION=@OLD_COLLATION_CONNECTION */;
